Image Name,Total Green Pixels,Percent of Total
01_16_2024_16:34,1794588,0.598196
01_16_2024_16:35,1802263,0.6007543333333333
01_16_2024_16:36,1792581,0.597527
01_16_2024_16:37,1793291,0.5977636666666667
01_16_2024_16:38,1784065,0.5946883333333334
