Image Name,Total Green Pixels,Percent of Total
01_16_2024_16:34,1794588,0.598196
01_16_2024_16:35,1802263,0.6007543333333333
