Image Name,Total Green Pixels,Percent of Total
/home/cpl/Documents/images/01_16_2024_16:24,1806855,0.602285
/home/cpl/Documents/images/01_16_2024_16:25,1817385,0.605795
/home/cpl/Documents/images/01_16_2024_16:26,1804810,0.6016033333333334
8,1808265,0.602755
1,1794669,0.598223
2,1797419,0.5991396666666666
