Image Name,Total Green Pixels,Percent of Total
01_24_2024_17:31,438554,0.14618466666666666
01_24_2024_17:32,447138,0.149046
01_24_2024_17:33,442505,0.14750166666666667
