Image Name,Total Green Pixels,Percent of Total
02_01_2024_00:00,111490,0.03716333333333333
02_02_2024_00:00,13565,0.004521666666666667
02_03_2024_00:00,154040,0.051346666666666665
