Image Name,Total Green Pixels,Percent of Total
01_24_2024_17:25,464225,0.15474166666666667
01_24_2024_17:26,454313,0.15143766666666666
01_24_2024_17:27,426778,0.14225933333333332
01_24_2024_17:28,482172,0.160724
01_24_2024_17:29,473817,0.157939
