Image Name,Total Green Pixels,Percent of Total
01_16_2024_16:41,38657,0.012885666666666667
01_16_2024_16:42,35502,0.011834
