Image Name,Total Green Pixels,Percent of Total
01_27_2024_00:00,53009,0.017669666666666667
01_28_2024_00:00,65452,0.021817333333333334
01_29_2024_00:00,645806,0.21526866666666666
