Image Name,Total Green Pixels,Percent of Total
01_30_2024_00:00,590597,0.19686566666666666
01_31_2024_00:00,439757,0.14658566666666667
02_01_2024_00:00,1064738,0.35491266666666665
