Image Name,Total Green Pixels,Percent of Total
01_19_2024_12:55,1076332,0.35877733333333334
01_20_2024_00:00,48152,0.016050666666666668
01_21_2024_00:00,29114,0.009704666666666667
01_22_2024_00:00,30686,0.010228666666666667
01_23_2024_00:00,168553,0.056184333333333336
01_24_2024_00:00,65618,0.021872666666666665
