Image Name,Total Green Pixels,Percent of Total
01_19_2024_12:48,1021695,0.340565
01_19_2024_12:49,1200069,0.400023
