Image Name,Total Green Pixels,Percent of Total
01_24_2024_17:55,204494,0.06816466666666667
01_24_2024_18:55,250363,0.08345433333333334
01_24_2024_19:55,252605,0.08420166666666666
01_24_2024_20:55,248964,0.082988
01_24_2024_21:55,220488,0.073496
