Image Name,Total Green Pixels,Percent of Total
01_30_2024_00:00,590597,0.19686566666666666
01_31_2024_00:00,439757,0.14658566666666667
02_01_2024_00:00,1064738,0.35491266666666665
02_02_2024_00:00,891014,0.29700466666666664
02_03_2024_00:00,1126065,0.375355
02_04_2024_00:00,1167446,0.38914866666666664
