Image Name,Total Green Pixels,Percent of Total
01_19_2024_12:25,621238,0.20707933333333334
01_19_2024_12:26,934904,0.31163466666666667
01_19_2024_12:27,823321,0.27444033333333334
