Image Name,Total Green Pixels,Percent of Total
01_24_2024_17:31,438554,0.14618466666666666
01_24_2024_17:32,447138,0.149046
01_24_2024_17:33,442505,0.14750166666666667
01_24_2024_17:34,482074,0.16069133333333332
01_24_2024_17:35,442808,0.14760266666666666
01_24_2024_17:36,470811,0.156937
