Image Name,Total Green Pixels,Percent of Total
01_26_2024_16:03,446087,0.14869566666666667
01_27_2024_00:00,54867,0.018289
01_28_2024_00:00,70580,0.023526666666666668
01_29_2024_00:00,2385159,0.795053
01_30_2024_00:00,2386760,0.7955866666666667
