Image Name,Total Green Pixels,Percent of Total
01_19_2024_12:55,1076332,0.35877733333333334
01_20_2024_00:00,48152,0.016050666666666668
01_21_2024_00:00,29114,0.009704666666666667
