Image Name,Total Green Pixels,Percent of Total
01_19_2024_12:48,1021695,0.340565
01_19_2024_12:49,1200069,0.400023
01_19_2024_12:50,985539,0.328513
01_19_2024_12:51,1064807,0.35493566666666665
01_19_2024_12:52,970034,0.32334466666666667
01_19_2024_12:53,1098595,0.36619833333333335
01_19_2024_12:54,1126039,0.37534633333333334
