Image Name,Total Green Pixels,Percent of Total
01_16_2024_16:43,35802,0.011934
01_16_2024_16:44,34835,0.011611666666666666
01_16_2024_16:45,38850,0.01295
01_16_2024_17:00,35123,0.011707666666666667
01_16_2024_18:00,34842,0.011614
