Image Name,Total Green Pixels,Percent of Total
01_19_2024_12:46,940665,0.313555
01_19_2024_12:47,956678,0.31889266666666666
