Image Name,Total Green Pixels,Percent of Total
01_31_2024_18:04,106647,0.035549
01_31_2024_18:05,126416,0.042138666666666665
